indice_tiempo,elec_residencial,elec_comercio_industria,elec_grandes_usuarios,elec_total,temperatura_media,gas_residencial,gas_comercial,gas_entes_oficiales,gas_industria,gas_centrales,gas_gnc,gas_sdb,gas_total,ipi_original,ipi_desest
1996-01-01,,,,,,211.9960,42.5340,8.7830,605.4130,803.1850,85.8560,12.2030,1913.1160,,
1996-02-01,,,,,,216.7130,43.8510,9.4990,626.6250,656.7030,75.9030,14.4820,1731.6630,,
1996-03-01,,,,,,225.1930,56.1300,16.4760,669.2720,832.3980,80.8570,15.8710,2018.7870,,
1996-04-01,,,,,,351.1590,73.1600,17.7790,658.1150,612.9630,88.1070,18.1090,1935.1160,,
1996-05-01,,,,,,572.8290,75.5690,23.6530,645.9760,748.2810,91.7730,22.8570,2304.5460,,
1996-06-01,,,,,,933.7050,124.8690,37.6070,634.4480,623.2670,91.8010,33.6210,2601.3000,,
1996-07-01,,,,,,1116.0770,138.5700,37.2840,659.5170,597.6080,94.9100,39.5070,2812.4190,,
1996-08-01,,,,,,726.7390,112.2600,32.8530,683.0320,719.7900,93.4970,27.4940,2522.6630,,
1996-09-01,,,,,,607.0520,96.6870,25.7750,718.7600,781.0600,91.3760,22.9920,2466.9540,,
1996-10-01,,,,,,377.4680,59.7000,17.9040,706.3600,748.9620,97.1080,15.1080,2152.5820,,
1996-11-01,,,,,,265.3390,51.1970,13.0810,655.8720,741.7700,96.1490,11.2160,1955.8930,,
1996-12-01,,,,,,238.8320,49.8070,11.5030,646.9870,846.8390,104.5090,11.0190,2030.9460,,
1997-01-01,,,,,,198.3170,40.4690,8.9610,620.4400,1000.4550,93.5330,11.0600,2093.6260,,
1997-02-01,,,,,,201.2570,46.2860,11.5370,608.3780,807.3450,85.4640,12.7190,1881.0450,,
1997-03-01,,,,,,252.6650,57.0530,11.7760,676.5170,856.1760,98.9460,13.7220,2018.3560,,
1997-04-01,,,,,,326.8130,67.7120,15.1200,699.9390,949.5550,102.0010,16.1290,2295.2190,,
1997-05-01,,,,,,575.7320,90.5240,22.6480,721.9950,952.3800,105.8140,23.6090,2622.0980,,
1997-06-01,,,,,,911.8970,120.2140,37.3850,732.6190,731.7370,104.8520,36.9020,2817.3290,,
1997-07-01,,,,,,941.9010,130.0130,33.1610,745.6380,652.7850,109.0310,38.5800,2787.1290,,
1997-08-01,,,,,,827.2230,110.5130,31.7040,714.0500,539.0290,112.2770,33.4240,2497.1520,,
1997-09-01,,,,,,618.2600,108.2370,23.4940,730.0040,456.0580,110.0640,26.1770,2197.1270,,
1997-10-01,,,,,,423.5740,83.3190,19.0080,777.2440,515.1070,116.8500,19.7740,2106.8240,,
1997-11-01,,,,,,293.7430,64.7910,14.1790,665.8120,608.8620,112.0620,14.7680,1920.9080,,
1997-12-01,,,,,,231.7430,75.8510,14.4220,667.1270,547.1760,117.0420,14.4560,1820.4050,,
1998-01-01,,,,,,199.3830,60.1420,9.6880,651.9640,565.3690,111.1950,14.9700,1775.3440,,
1998-02-01,,,,,,225.2270,46.9990,10.0390,614.9050,574.7960,96.0400,14.0660,1733.1410,,
1998-03-01,,,,,,274.9510,64.1570,11.9960,710.8550,626.1760,113.8580,15.6610,2010.6490,,
1998-04-01,,,,,,365.5740,76.1460,16.8160,720.3770,604.8700,117.8550,20.5820,2128.7810,,
1998-05-01,,,,,,603.3080,91.8820,23.3220,783.9120,681.0560,115.2440,27.7850,2546.1020,,
1998-06-01,,,,,,939.8260,116.3030,36.8340,779.7520,669.7730,117.5650,40.1850,2923.2450,,
1998-07-01,,,,,,900.0080,104.9440,29.0880,776.7130,740.7270,120.3540,38.7930,2935.9350,,
1998-08-01,,,,,,826.8340,110.7550,43.7920,822.8250,732.3030,123.8560,37.2310,2875.5790,,
1998-09-01,,,,,,714.7200,92.7430,33.4720,753.2180,664.4580,122.4940,30.9390,2611.6390,,
1998-10-01,,,,,,345.6200,62.2400,22.5760,719.6900,799.9700,127.6440,16.7810,2332.0610,,
1998-11-01,,,,,,270.7980,60.2480,19.0910,680.0460,917.9910,122.9480,14.9580,2336.4510,,
1998-12-01,,,,,,211.1560,62.3460,20.4460,629.6210,970.8300,122.8010,13.5940,2306.4060,,
1999-01-01,,,,,,213.1800,51.9020,12.9080,587.8200,968.6810,114.4550,14.0360,2250.2480,,
1999-02-01,,,,,,196.7350,49.9530,13.7500,569.8350,926.1960,108.1050,13.4480,2173.5520,,
1999-03-01,,,,,,262.7260,62.8210,17.4490,681.9580,1106.9950,124.2770,16.2150,2636.2710,,
1999-04-01,,,,,,455.7600,87.5390,26.9780,701.1230,856.7200,122.3660,23.9340,2584.6610,,
1999-05-01,,,,,,726.1850,101.7860,32.0380,720.5930,955.3300,126.9440,33.6410,3046.8740,,
1999-06-01,,,,,,1033.7450,128.7070,44.8770,680.6890,789.8470,126.2060,45.5800,3170.9610,,
1999-07-01,,,,,,1163.4710,132.7310,42.4300,699.9090,778.2460,129.8560,49.0800,3337.0140,,
1999-08-01,,,,,,897.8230,117.3780,42.9920,737.5120,845.1160,131.1650,39.2950,3145.9120,,
1999-09-01,,,,,,599.5210,83.7930,28.9700,732.6760,839.8410,128.4290,27.4080,2695.3730,,
1999-10-01,,,,,,456.9590,81.3610,26.8280,748.9740,812.4030,132.5750,21.3990,2506.4970,,
1999-11-01,,,,,,299.8180,63.0650,19.0670,700.8250,796.2520,130.4310,14.6690,2248.4290,,
1999-12-01,,,,,,250.8210,55.1760,15.7910,668.4310,1004.2260,134.1060,13.7470,2411.6290,,
2000-01-01,,,,,,202.6350,49.4250,14.4760,616.2650,1124.5430,124.4790,13.4520,2458.2490,,
2000-02-01,,,,,,197.8570,52.2960,15.8270,631.2910,1071.7510,119.4740,15.1260,2411.1120,,
2000-03-01,,,,,,283.4890,67.6970,20.1820,689.9640,1034.3440,134.8020,17.4780,2623.4300,,
2000-04-01,,,,,,374.6110,75.4950,23.7750,683.8190,980.8070,131.2260,19.7350,2635.6420,,
2000-05-01,,,,,,790.9100,110.0190,32.9290,749.4800,949.1220,141.8520,36.6880,3196.9600,,
2000-06-01,,,,,,976.3390,127.1240,44.1530,693.7270,862.7960,137.5480,45.0540,3193.1100,,
2000-07-01,,,,,,1297.0700,145.4060,44.5790,697.8530,734.1400,145.1430,55.3700,3421.3370,,
2000-08-01,,,,,,1005.9890,125.0630,43.7490,803.7730,882.4210,149.1520,44.7590,3360.6490,,
2000-09-01,,,,,,782.5510,102.9190,34.6310,741.5440,835.3400,144.8500,35.4580,2978.0180,,
2000-10-01,,,,,,473.5200,76.3470,26.7600,773.0660,755.4680,151.0360,22.1690,2573.9340,,
2000-11-01,,,,,,331.8200,63.7100,21.2840,707.2360,653.5050,146.1720,17.0430,2229.8080,,
2000-12-01,,,,,,250.3450,57.8200,17.7340,695.2550,1014.4490,151.5000,14.7440,2530.5400,,
2001-01-01,,,,6866.2600,25.4320,216.5290,49.6460,14.8390,663.7430,821.8620,145.7250,14.0150,2305.8300,,
2001-02-01,,,,6473.1000,25.5960,190.2990,49.9770,14.8600,607.8220,834.2840,132.4210,14.7480,2210.1650,,
2001-03-01,,,,6952.3000,22.8520,281.8770,64.8130,19.5900,720.9780,990.6320,151.5050,18.1640,2684.9230,,
2001-04-01,,,,6183.3500,18.3170,424.3200,79.9990,25.8980,718.7210,801.6840,151.0230,23.8750,2657.4200,,
2001-05-01,,,,6668.9400,14.3060,858.1430,117.2120,39.2110,752.2020,838.2200,158.9070,40.8420,3245.8470,,
2001-06-01,,,,6559.1600,12.9400,970.2050,124.8760,47.3910,693.3420,676.8710,154.7340,44.4870,3067.3930,,
2001-07-01,,,,6806.8000,11.5420,1168.2090,132.2340,48.3470,696.9250,604.6970,163.0600,50.5630,3236.0350,,
2001-08-01,,,,6531.1800,15.0550,829.8580,107.6060,42.6410,741.7140,608.2470,162.2200,39.8100,2931.1800,,
2001-09-01,,,,6211.6600,14.6900,741.4340,93.9780,36.3120,709.2500,700.0310,156.1340,33.7470,2854.8030,,
2001-10-01,,,,6268.0300,18.0740,468.3200,74.5200,26.6690,705.2960,474.8710,162.9380,22.8750,2313.6550,,
2001-11-01,,,,6132.6600,20.0070,312.9150,58.9320,19.6660,663.5500,677.7080,155.2280,16.5060,2284.5690,,
2001-12-01,,,,6448.4140,23.0130,255.1000,54.4770,16.4300,617.6150,868.8420,156.6700,14.5350,2373.8130,,
2002-01-01,,,,6471.6900,24.9030,209.2250,45.1670,13.6710,551.2370,945.1380,147.8880,15.0500,2322.8010,,
2002-02-01,,,,5745.3200,23.2520,207.0530,47.3520,14.3100,597.6960,732.0710,135.9150,16.0910,2096.3300,,
2002-03-01,,,,6462.1300,22.1800,297.4160,58.4440,18.5020,695.6070,803.5760,154.0510,20.6050,2450.8980,,
2002-04-01,,,,5970.2500,17.4630,460.1130,78.2070,26.0440,743.9390,706.5590,157.7050,25.8420,2616.6200,,
2002-05-01,,,,6320.5700,16.4320,654.8710,93.7090,34.2460,778.5470,743.8030,164.9050,37.0460,2969.5170,,
2002-06-01,,,,6634.9000,10.7000,1090.7130,137.9320,52.3520,693.2580,618.7120,165.5120,54.1060,3255.6120,,
2002-07-01,,,,6891.2200,11.4690,1141.0890,134.9690,49.8900,736.1180,745.4240,179.5190,57.1270,3510.3570,,
2002-08-01,,,,6514.5800,14.2420,923.6090,111.4840,44.3570,751.9560,641.5790,179.9460,46.7620,3088.5380,,
2002-09-01,,,,6136.4200,14.7870,695.9130,93.3010,35.8660,760.0660,508.8440,180.4600,36.8940,2639.0050,,
2002-10-01,,,,6344.7800,19.9000,416.4060,69.3860,25.1780,682.9040,420.0970,189.4890,24.3860,2144.0480,,
2002-11-01,,,,6384.0300,21.3900,312.9010,62.6420,21.7410,663.8910,410.0140,187.1210,20.1060,1997.5850,,
2002-12-01,,,,6597.0000,22.7580,246.5550,54.6280,17.2370,714.2200,508.5350,197.8080,17.7230,2085.9650,,
2003-01-01,,,,7009.4100,23.8100,216.4710,53.2950,17.1120,681.6560,616.5570,193.2180,20.0170,2130.2360,,
2003-02-01,,,,6364.9100,23.2960,208.0680,52.8720,16.7710,658.1590,673.4290,178.7260,20.6780,2207.6410,,
2003-03-01,,,,6874.2600,22.4030,274.8240,61.2920,20.6850,793.3000,695.3520,201.8410,21.7590,2508.8640,,
2003-04-01,,,,6280.3800,17.3870,441.4210,73.1460,25.7370,771.4020,618.9410,211.1510,28.5690,2643.9520,,
2003-05-01,,,,6773.8000,15.2840,748.0820,100.6770,35.7200,830.8120,747.5570,214.2940,42.3540,3192.6190,,
2003-06-01,,,,6814.5300,13.0430,953.5680,115.2170,45.7770,748.8230,753.7540,217.7960,51.7790,3321.3330,,
2003-07-01,,,,7321.7100,11.0810,1138.2390,129.4820,67.2680,748.4640,662.1350,228.7740,61.7550,3442.4210,,
2003-08-01,,,,7188.1300,12.0680,1095.7800,130.1430,50.8300,766.9960,701.0800,236.0440,57.6860,3533.6540,,
2003-09-01,,,,6737.7500,14.6230,763.1470,100.5300,38.2630,798.7410,836.5590,231.8430,41.7380,3240.1290,,
2003-10-01,,,,6906.9600,18.9550,442.6380,73.7220,27.8830,834.4440,850.1790,240.9030,28.0040,2956.8640,,
2003-11-01,,,,6833.9700,20.3030,321.1310,62.6970,23.1480,804.6120,798.3530,233.2160,20.2070,2687.4540,,
2003-12-01,,,,7107.5600,21.5390,259.0390,68.3220,20.2330,808.3880,803.1550,252.1830,22.7520,2694.6810,,
2004-01-01,,,,7620.5600,25.0710,217.1780,55.7850,16.3910,774.1930,999.6110,234.5730,22.7250,2815.1800,,
2004-02-01,,,,6846.5400,23.1860,212.9270,60.6810,17.3400,805.2550,983.0580,228.1830,23.2720,2791.9440,,
2004-03-01,,,,7544.9900,23.5550,271.2900,68.1970,21.9090,853.9010,994.5730,248.5480,24.5450,3024.9180,,
2004-04-01,,,,7011.9100,19.9000,425.6050,75.6640,25.1760,785.8000,882.5780,248.5140,30.8840,2951.8810,,
2004-05-01,,,,7325.2500,13.3000,906.8490,121.0490,39.6670,773.1170,757.2030,255.8480,53.2680,3336.8830,,
2004-06-01,,,,7259.3500,13.4000,987.9000,132.6060,45.3080,786.4780,721.0140,248.4050,60.2850,3391.4070,,
2004-07-01,,,,7576.6000,12.4000,1154.1650,135.5590,48.5720,746.4800,640.9350,263.5170,65.6970,3503.4900,,
2004-08-01,,,,7076.0700,13.8000,977.5610,127.8040,45.7880,737.0450,747.7750,262.5540,59.6920,3428.8720,,
2004-09-01,,,,6956.9700,16.1000,669.4920,96.6090,34.7980,838.5320,870.1300,256.8900,39.4840,3306.8370,,
2004-10-01,,,,7087.3300,17.5000,476.9680,92.1530,29.4180,902.6890,836.6000,267.2970,31.9310,3136.4990,,
2004-11-01,,,,7127.3200,19.8000,346.4850,80.8010,24.6390,846.4330,851.1360,259.3270,26.0000,2920.7750,,
2004-12-01,,,,7739.5200,23.3000,264.0490,70.7790,19.4470,834.8120,1058.6790,270.8210,22.4800,3097.8060,,
2005-01-01,2717.6780,3750.6120,1514.9900,7983.2800,25.8720,216.9260,56.7790,17.6960,841.6140,1220.4620,257.1680,26.0420,3159.9190,,
2005-02-01,2298.7440,3479.8760,1470.2600,7248.8800,25.5930,215.2930,59.4760,17.6930,783.3110,1066.9480,235.5430,26.3680,2789.6450,,
2005-03-01,2384.2870,3690.0430,1615.5800,7689.9100,21.2370,297.5250,74.6100,22.7970,873.8690,1137.0610,264.2350,27.9570,3055.4630,,
2005-04-01,2184.7680,3492.1420,1536.2300,7213.1400,17.2230,507.9160,84.3370,24.3820,868.8550,962.7620,260.5320,36.7750,3083.3410,,
2005-05-01,2479.2910,3597.2990,1591.9600,7668.5500,14.9390,852.4700,109.4880,42.3220,835.1150,896.0100,266.9250,55.2960,3439.2600,,
2005-06-01,2679.4160,3498.7040,1541.5900,7719.7100,14.3000,1012.5820,130.8150,49.6080,789.4070,679.3340,259.8670,63.9810,3399.7930,,
2005-07-01,2896.1480,3628.5620,1536.9100,8061.6200,12.4000,1204.3290,140.0830,62.7450,770.1030,662.2400,272.6800,71.9640,3573.7740,,
2005-08-01,2737.6320,3587.5080,1628.3600,7953.5000,13.0000,1091.7410,141.6770,55.3350,844.4510,745.2120,272.1200,67.4160,3584.8620,,
2005-09-01,2454.3980,3449.9920,1604.0100,7508.4000,14.3000,864.8760,99.7380,46.2680,908.1760,681.4930,263.4420,53.1500,3429.3670,,
2005-10-01,2266.1270,3495.3530,1641.8300,7403.3100,17.2000,528.6570,88.3160,29.8990,950.2240,751.6650,272.1280,36.2360,3324.8130,,
2005-11-01,2415.4430,3642.2770,1726.6200,7784.3400,22.0000,356.5980,70.5510,19.4580,917.8500,937.3420,262.4800,25.6900,3212.9100,,
2005-12-01,2572.5630,3790.5070,1735.2400,8098.3100,22.3000,288.9820,69.1850,15.1100,888.2780,949.5820,279.8550,25.3520,3151.7390,,
2006-01-01,2830.3730,3428.7270,1698.8000,7957.9000,24.6000,237.7930,52.0360,11.1340,937.9410,1122.2700,251.4240,26.9300,3332.0790,,
2006-02-01,2515.3960,3261.4540,1618.8500,7395.7000,24.3000,215.1500,47.7640,12.5530,873.3130,1120.6410,231.8960,29.4960,3146.7340,,
2006-03-01,2474.6900,3540.4100,2022.5000,8037.6000,20.6000,324.2550,69.0650,18.7450,1003.7520,1085.4820,265.1420,32.0510,3468.9920,,
2006-04-01,2258.1930,3318.1470,1979.2600,7555.6000,19.1000,435.3620,97.8370,23.4130,945.3670,995.8990,254.5630,36.0770,3350.9780,,
2006-05-01,2696.0510,3416.5790,2003.4700,8116.1000,14.1000,937.9380,121.8310,41.4040,930.3790,784.9110,255.3780,60.4070,3673.6450,,
2006-06-01,2963.7150,3374.4950,1910.6900,8248.9000,13.2000,1125.2870,146.2260,47.6660,882.1570,652.7280,246.3460,72.8050,3648.7630,,
2006-07-01,2993.7960,3392.5940,1927.1100,8313.5000,14.3000,1109.5720,120.9170,46.3340,889.8710,712.4790,260.8630,69.1250,3689.5190,,
2006-08-01,3107.2010,3472.0590,1917.7400,8497.0000,12.4000,1192.6890,154.0920,54.7670,895.5120,683.2860,264.6830,76.1080,3770.5480,,
2006-09-01,2614.8860,3291.4770,1922.0370,7828.4000,15.6000,785.0440,95.8850,52.0740,931.6110,831.2030,255.5510,53.7460,3510.9550,,
2006-10-01,2530.8290,3503.2410,1991.0300,8025.1000,19.8000,455.7030,78.2150,28.5430,1017.0850,1073.9350,257.3760,36.0800,3527.9740,,
2006-11-01,2551.5550,3489.6250,1956.9200,7998.1000,20.5000,335.8910,67.5500,18.8410,999.7750,1104.4180,250.5570,29.1480,3315.9120,,
2006-12-01,3071.6730,3802.9470,1964.2800,8838.9000,24.4000,246.4140,62.3380,15.8180,985.1290,1262.7650,259.0840,25.2010,3423.6140,,
2007-01-01,3079.4710,3735.8290,1927.9000,8743.2000,24.6000,220.8080,55.0270,10.9750,975.9090,1198.5710,243.6900,29.3250,3316.4740,,
2007-02-01,2790.0540,3574.9960,1793.1500,8158.2000,24.6000,216.9640,56.7890,10.2060,917.9620,1205.8320,221.0660,30.4360,3067.1310,,
2007-03-01,2853.5580,3795.3820,1988.8600,8637.8000,22.2000,304.2920,68.1800,14.9610,1058.3060,1193.4270,247.1900,31.9400,3730.9150,,
2007-04-01,2610.2150,3525.2550,1874.9300,8010.4000,18.8000,462.7570,84.5470,22.3760,1024.9330,1104.0750,235.4120,37.4940,3777.2860,,
2007-05-01,3161.7710,3731.9390,1895.7900,8789.5000,12.7000,1161.5280,142.3070,46.2290,944.2330,766.5680,247.3350,77.4410,3840.5960,,
2007-06-01,3576.1130,3535.9670,1739.3200,8851.4000,10.9000,1436.2440,155.0560,69.3070,708.4570,700.8860,232.9290,91.8970,3619.9780,,
2007-07-01,3807.7980,3564.0320,1652.6700,9024.5000,9.3000,1632.2990,177.5190,69.2450,685.0880,682.8570,225.1060,102.6660,3695.3160,,
2007-08-01,3726.2240,3589.3960,1790.8800,9106.5000,10.1000,1542.6910,179.5220,71.6800,748.1980,621.9830,247.4450,96.4770,3629.9610,,
2007-09-01,2838.9820,3370.0480,1873.5700,8082.6000,17.0000,818.4620,107.5940,44.8800,881.8120,1019.9790,235.3760,59.4010,3448.2120,,
2007-10-01,2810.8460,3654.3040,1905.2500,8370.4000,19.2000,521.9850,82.2130,27.2540,1032.5320,1119.5300,242.6790,42.0050,3304.8420,,
2007-11-01,2717.5760,3591.7140,1945.1100,8254.4000,18.8000,410.6910,73.4050,20.9880,1020.6360,1155.7270,234.0360,33.0030,3195.4430,,
2007-12-01,3138.5710,3815.5190,1967.3100,8921.4000,23.6000,267.7880,59.0250,13.5530,1063.5340,1412.2370,245.5520,26.0260,3394.8660,,
2008-01-01,3420.2830,3811.2770,1943.5400,9175.1000,25.6000,241.8160,57.2310,10.3760,1045.3820,1422.1010,224.0000,30.1750,3250.6160,,
2008-02-01,3073.6640,3705.4060,1949.7300,8728.8000,25.3000,229.4470,55.1150,10.9800,996.6530,1361.1080,212.6550,30.7450,3180.7470,,
2008-03-01,2894.6050,3678.1950,2021.7000,8594.5000,22.1000,301.6110,68.5650,12.4740,1043.3350,1365.4890,225.3900,34.4820,3444.8830,,
2008-04-01,2764.9620,3526.8680,1994.7700,8286.6000,19.0000,545.6190,83.1690,24.7950,997.0480,1081.8280,222.2850,46.0850,3334.9450,,
2008-05-01,3102.3960,3625.4340,2049.9700,8777.8000,15.7000,970.0450,116.2150,42.7920,909.7740,827.2240,232.5820,69.3270,3331.7680,,
2008-06-01,3699.4030,3582.6870,1927.7100,9209.8000,11.8000,1488.4500,162.1780,63.5280,751.9540,601.9960,226.0340,96.9100,3505.5580,,
2008-07-01,3626.3480,3476.5820,2024.1700,9127.1000,14.3000,1265.4420,145.5600,61.1740,825.8690,926.6860,236.6550,88.6570,3724.9410,,
2008-08-01,3438.1150,3488.4050,2098.7800,9025.3000,13.0000,1312.9400,153.4460,64.6670,846.0290,715.0340,236.0190,90.6770,3628.0890,,
2008-09-01,3061.3430,3375.9170,2150.3400,8587.6000,14.6000,979.7390,128.1340,48.5420,971.6540,801.7200,227.5740,66.1430,3414.7730,,
2008-10-01,2898.7840,3417.1560,2161.2600,8477.2000,18.1000,575.7020,90.5090,28.6250,1038.6980,1040.4860,233.2010,44.6320,3302.9090,,
2008-11-01,3159.1080,3681.4320,2074.3600,8914.9000,24.8000,321.2090,69.8310,22.7920,935.5600,1319.5960,220.2690,29.8590,3222.3150,,
2008-12-01,3471.0330,3691.1270,1891.2400,9053.4000,24.3000,288.6010,76.8570,12.0460,907.4290,1518.6590,231.7970,30.2150,3425.4790,,
2009-01-01,3533.2990,3658.9610,1893.8400,9086.1000,25.8000,247.1710,79.7070,10.8290,903.2280,1510.6740,213.1360,32.8180,3303.2330,,
2009-02-01,3105.4400,3404.1800,1731.9800,8241.6000,24.6000,233.8520,72.2160,11.7950,872.0260,1400.1830,195.5610,32.8360,3109.0520,,
2009-03-01,3336.4380,3769.5320,1849.6300,8955.6000,23.6000,293.5880,67.8110,14.9290,935.3200,1571.2970,217.8400,35.6310,3445.3400,,
2009-04-01,2813.0710,3391.8690,1899.7600,8104.7000,19.6000,412.8010,77.6070,20.1290,955.7940,1382.0850,213.6900,39.3980,3292.2780,,
2009-05-01,3047.8030,3510.8570,1876.6400,8435.3000,16.4000,846.4310,121.0450,39.8580,922.8840,1096.4180,224.5290,62.1540,3528.7370,,
2009-06-01,3721.3460,3529.7840,1863.0700,9114.2000,11.6000,1379.0890,155.8080,63.6400,852.2410,620.5950,219.1930,94.2660,3511.3520,,
2009-07-01,4052.0040,3612.1560,1843.8400,9508.0000,10.8000,1570.2570,172.2360,65.4180,775.3230,612.0230,218.9600,106.8600,3666.6550,,
2009-08-01,3502.4470,3400.9430,1835.0100,8738.4000,15.6000,1093.3820,147.4660,58.3910,819.2070,766.6590,227.9710,82.1900,3344.9090,,
2009-09-01,3023.0580,3474.7720,1852.3700,8350.2000,13.6000,1016.4300,129.5520,48.7970,907.6880,741.6640,224.4520,69.4530,3293.4530,,
2009-10-01,3027.5400,3471.5500,1921.6100,8420.7000,17.7000,635.4920,98.0700,32.8560,913.9440,898.8420,228.0880,49.2200,3116.6000,,
2009-11-01,3065.7940,3643.1660,1935.0400,8644.0000,21.1000,405.8350,84.5360,21.1700,924.0460,908.6810,217.0570,34.1510,2817.9090,,
2009-12-01,3336.7580,3780.4820,1906.3600,9023.6000,22.6000,335.2180,72.3140,14.4680,944.5560,927.1840,232.3920,30.6270,2789.7280,,
2010-01-01,3931.8980,3934.7520,1873.3500,9740.0000,26.1000,267.9880,62.6210,10.8950,920.8170,1231.2990,209.4800,34.7270,2957.1210,,
2010-02-01,3361.1840,3579.0860,1833.6300,8773.9000,24.2000,259.9770,61.9280,11.8360,890.0660,1162.3150,195.0850,36.3410,2799.6740,,
2010-03-01,3540.4920,3911.7780,2066.6300,9518.9000,23.1000,334.4910,62.3690,23.0100,958.2660,1201.3630,219.5390,40.9100,3113.6390,,
2010-04-01,2875.6250,3598.0850,1960.3900,8434.1000,17.2000,575.3820,88.9120,26.9890,926.4400,959.3780,217.0920,46.6450,3019.1300,,
2010-05-01,3296.1370,3631.2730,1938.9900,8866.4000,15.2000,961.9380,125.9170,44.6050,954.9280,812.2290,226.6540,71.1700,3374.4020,,
2010-06-01,3825.7550,3646.0750,1895.1700,9367.0000,12.5000,1375.5670,152.0040,62.8050,783.5130,547.9690,220.8000,99.2210,3370.1880,,
2010-07-01,4346.1770,3794.3230,1940.6000,10081.1000,10.7000,1666.5810,180.1540,68.2030,658.1770,531.3600,232.7750,112.2950,3540.3070,,
2010-08-01,4043.6180,3702.0520,1987.4300,9733.1000,11.9000,1465.6420,160.5290,69.2800,755.2270,664.6820,223.2260,108.9610,3531.3890,,
2010-09-01,3237.4880,3594.4820,1923.9300,8755.9000,15.3000,935.4640,118.2230,45.9630,911.3520,803.7370,228.0980,78.8490,3247.8200,,
2010-10-01,3018.1330,3608.4870,1941.0800,8567.7000,17.2000,613.6360,93.3620,31.0480,965.6830,969.3350,232.5790,58.0650,3124.2690,,
2010-11-01,3155.4810,3715.3890,1963.7300,8834.6000,20.9000,396.6650,78.0150,19.7690,953.4760,1180.6240,223.2010,42.7100,3073.5190,,
2010-12-01,4020.3610,4161.8090,1943.5300,10125.7000,22.5000,329.0180,63.9750,14.1320,924.2180,1455.0970,235.6360,37.8200,3240.8020,,
2011-01-01,4215.1740,4056.2860,1959.5400,10231.0000,25.8000,260.7210,66.2340,11.2070,942.4250,1493.8370,216.7480,41.3520,3218.0430,,
2011-02-01,3363.7510,3678.8690,2086.3800,9129.0000,24.0000,270.9310,61.2170,10.5060,910.6920,1306.8400,202.8130,42.0920,2962.8790,,
2011-03-01,3622.6600,3960.4300,2279.9100,9863.0000,22.5000,360.9010,70.8410,15.6210,1024.5020,1311.0690,225.4540,49.7480,3219.3160,,
2011-04-01,3051.5370,3751.8630,2114.4000,8917.8000,18.9000,523.9100,81.8290,24.6480,1005.3230,1097.1470,223.0110,53.6490,3124.1050,,
2011-05-01,3561.4640,3833.5360,2165.4000,9560.4000,14.8000,1053.5110,122.5370,46.1450,1016.4380,730.8090,231.6520,86.2150,3399.5720,,
2011-06-01,4211.2840,3837.3060,2087.2100,10135.8000,12.1000,1500.0410,155.5420,64.7550,808.3270,590.0740,229.5180,116.3380,3532.2590,,
2011-07-01,4613.9250,3860.3550,2088.3200,10562.6000,11.2000,1699.0500,175.7320,72.0200,743.2990,547.4850,240.5330,128.7210,3672.9370,,
2011-08-01,4289.4440,3880.2860,2142.1700,10311.9000,11.5000,1627.3580,169.0820,69.9580,808.7570,667.3950,241.7750,122.6990,3797.8110,,
2011-09-01,3342.4140,3644.4160,2102.6700,9089.5000,16.2000,919.2340,121.7480,48.5080,986.3520,971.4460,234.9760,80.5970,3487.9470,,
2011-10-01,3138.2810,3781.7490,2142.3700,9062.4000,17.3000,663.4030,94.4540,31.4580,1041.6580,1210.2960,240.7880,62.3370,3502.8540,,
2011-11-01,3485.2020,3950.6080,2070.0900,9505.9000,22.6000,360.4700,68.9380,16.8600,936.1650,1471.9680,231.3820,46.4300,3269.4390,,
2011-12-01,3969.2370,4178.3330,1971.0300,10118.6000,22.9000,312.5590,66.8470,13.8880,953.5710,1553.0580,242.4380,48.3610,3323.9020,,
2012-01-01,4505.1978,4381.2422,1920.3600,10806.8000,26.2000,255.4630,73.0550,10.6600,918.5940,1735.5950,221.4650,48.1850,3394.1080,,
2012-02-01,4043.8265,4020.4095,2024.9640,10089.2000,24.8000,279.6500,70.6140,14.1060,870.0480,1541.2050,211.0300,50.4930,3159.6240,,
2012-03-01,3799.9514,4161.5006,2216.5480,10178.0000,21.7000,383.9940,76.5300,17.4040,930.3430,1449.7310,235.2760,48.2510,3269.4310,,
2012-04-01,3123.4000,3781.6000,2065.0000,8970.0000,18.1000,658.0170,92.9660,28.5310,901.9740,1145.8710,225.6210,64.4840,3240.2150,,
2012-05-01,3606.5294,3804.1706,2191.0000,9601.7000,16.9000,1014.9390,128.4640,48.2170,913.5130,1089.9960,233.9550,92.7450,3641.6800,,
2012-06-01,4287.2902,3856.7098,2153.0000,10297.0000,12.2000,1593.2630,162.0580,63.8380,749.8820,665.8090,234.9080,122.5670,3664.6860,,
2012-07-01,4950.4209,3998.4821,2122.7970,11071.7000,9.9000,1893.7550,197.8660,81.0050,690.5190,627.4410,244.6340,140.4540,3938.5630,,
2012-08-01,4352.4861,3859.7019,2196.1120,10408.3000,13.7000,1492.7910,165.2830,70.2060,768.3720,956.5230,241.4240,118.3690,3917.2280,,
2012-09-01,3512.3452,3653.9548,2172.3000,9338.6000,15.6000,1021.2940,122.8990,43.8710,855.7730,1098.7900,231.0900,85.1970,3574.9580,,
2012-10-01,3532.0674,3792.4326,2283.5000,9608.0000,18.3000,693.6090,99.4850,32.4880,914.3290,1171.6400,237.3740,68.0450,3382.5330,,
2012-11-01,3759.7907,3986.9093,2284.7000,10031.4000,22.4000,399.4730,78.9500,19.0040,889.2360,1443.9460,229.9570,51.1890,3257.3890,,
2012-12-01,4285.4704,4311.9296,2226.9000,10824.3000,24.5000,345.5730,74.7930,14.8560,868.6560,1423.8120,238.2470,46.7520,3175.2280,,
2013-01-01,4538.4461,4403.6732,2192.0000,11134.1193,25.1000,275.4710,67.5950,10.1650,913.0470,1718.9160,218.6950,50.6420,3405.8280,,
2013-02-01,3961.6861,3923.9739,1948.5000,9834.1600,24.1000,280.5200,58.1380,10.9000,838.2410,1538.6520,201.6060,53.1690,3116.1660,,
2013-03-01,3612.8351,3899.1942,2244.1000,9756.1293,20.3000,470.7090,77.0580,17.4460,980.8950,1373.5690,230.8730,56.1590,3344.4150,,
2013-04-01,3239.3807,3852.1535,2215.8000,9307.3342,19.1000,550.4800,85.4610,23.4680,981.1800,1315.5240,219.8040,63.0770,3375.6690,,
2013-05-01,3919.6690,4015.2564,2297.9000,10232.8254,15.0000,1163.9700,131.8650,47.1190,982.1100,1017.5330,232.8780,108.5020,3792.5790,,
2013-06-01,4409.5139,3836.7233,2114.3000,10360.5372,12.8000,1513.0700,166.8310,61.5730,824.8380,726.4370,228.5730,126.9140,3713.8230,,
2013-07-01,5088.4951,3929.6783,2138.0000,11156.1734,12.0000,1805.8880,187.9120,76.2720,756.6920,760.6650,238.6890,142.6580,4046.5940,,
2013-08-01,4782.6030,3915.1762,2206.7000,10904.4792,12.7000,1661.1160,177.2370,75.1710,846.2130,803.6250,246.5340,134.5720,4043.1970,,
2013-09-01,4072.6862,3909.2868,2213.9000,10195.8730,14.4000,1315.1630,147.3890,55.4020,881.2880,850.7420,228.7700,104.2420,3696.2120,,
2013-10-01,3744.4782,3967.4374,2333.8000,10045.7156,18.5000,694.8800,100.4570,35.2060,979.6320,1307.5610,241.5570,68.6860,3577.6110,,
2013-11-01,3680.7364,4096.2652,2238.7000,10015.7017,21.1000,440.5400,80.4840,20.1280,999.6600,1398.1270,231.9630,50.6450,3378.5640,,
2013-12-01,5338.6336,4775.0529,2177.6000,12291.2865,27.0000,319.2360,63.2070,13.0540,986.5080,1660.3220,239.1330,52.8170,3482.9520,,
2014-01-01,5350.9672,4501.9751,2151.4000,12004.3424,25.9000,298.6990,62.3440,12.4060,934.8590,1671.9020,221.9110,57.2910,3405.9950,,
2014-02-01,3883.7753,3875.3929,2064.8000,9823.9682,23.0000,310.8820,66.1800,13.0820,876.6300,1472.7960,204.9650,56.1040,3137.1310,,
2014-03-01,3666.8687,3944.0301,2178.9000,9789.7988,20.7000,433.2180,73.0850,17.5370,1019.9620,1484.9920,232.1640,58.0040,3505.7540,,
2014-04-01,3542.1631,3869.9112,2183.3000,9595.3744,18.3000,707.5990,97.4340,28.3540,997.6250,1222.4730,228.4430,77.2110,3487.9360,,
2014-05-01,4182.4885,4007.2165,2219.4000,10409.1050,15.0000,1168.8120,136.4370,51.0410,978.0650,1012.8150,240.1570,104.8790,3823.8820,,
2014-06-01,4790.6740,3995.1409,2115.9000,10901.7150,12.4000,1633.9670,170.9080,65.6920,847.8540,726.2120,234.9380,132.0560,3883.0470,,
2014-07-01,5115.9288,4121.0133,2127.0000,11363.9421,12.4000,1741.6610,182.7750,76.2960,789.5140,746.7890,241.9850,142.2250,4017.4840,,
2014-08-01,4454.9367,3946.3457,2089.4000,10490.6824,15.3000,1375.8290,160.2520,64.9910,850.6780,1029.7070,248.6880,113.5630,3969.1760,,
2014-09-01,3746.9347,3942.8095,2117.8000,9807.5442,16.0000,951.2670,126.4680,47.2150,938.4260,1112.2340,244.3200,86.2700,3633.4670,,
2014-10-01,4186.5676,4233.9256,2286.0000,10706.4931,20.2000,685.2560,97.9290,32.6160,948.3000,1292.3610,253.3620,69.7940,3508.3670,,
2014-11-01,3928.6141,4181.1226,2235.0000,10344.7367,20.9000,439.4720,82.3470,19.4410,895.2910,1287.9140,245.8630,54.0150,3163.9030,,
2014-12-01,4594.2224,4422.1554,2213.0000,11229.3778,23.4000,361.0250,69.7590,13.0120,910.1640,1482.7120,255.7210,49.7580,3278.7980,,
2015-01-01,5096.4058,4485.8816,2123.9027,11706.1901,24.3000,309.4570,64.8380,12.0600,944.3590,1549.1960,241.0950,55.8130,3317.2190,,
2015-02-01,4438.1535,4195.1164,2031.8167,10665.0866,24.7000,300.6840,59.7480,10.3960,819.3130,1436.1260,222.4740,57.8060,3037.7850,,
2015-03-01,4823.9677,4487.9513,2236.6081,11548.5271,22.9000,369.3760,71.8140,13.9630,976.7120,1603.0160,246.0420,60.5490,3526.3110,,
2015-04-01,3756.8528,4112.0871,2157.4949,10026.4348,20.6000,530.2490,84.5540,23.0840,995.8920,1503.6750,241.6370,77.2410,3655.6540,,
2015-05-01,4224.6727,4096.9464,2146.0147,10467.6337,16.8000,965.6350,120.9710,41.8970,992.5280,1349.5950,247.5150,99.6930,3987.5300,,
2015-06-01,4941.2756,4222.7806,2090.3635,11254.4197,13.5000,1483.3940,164.0610,63.1820,834.9690,890.8160,246.6130,126.8100,3886.5240,,
2015-07-01,5513.1609,4299.6033,2094.5978,11907.3619,12.7000,1725.6400,182.9390,71.1600,879.6760,1044.8540,258.6850,144.2670,4393.7830,,
2015-08-01,4797.7051,4221.5189,2111.0388,11130.2628,15.0000,1411.9220,163.3780,64.2140,918.2670,1030.2140,252.8850,125.7550,4052.7030,,
2015-09-01,4350.5139,4068.3581,2134.0312,10552.9032,14.6000,1204.2990,137.7050,52.0410,932.6540,1004.1960,251.4260,103.9890,3793.7480,,
2015-10-01,4362.4169,4083.1887,2276.5688,10722.1744,15.9000,1036.5680,127.3960,44.3250,1058.7290,925.9750,263.0250,92.5740,3680.6860,,
2015-11-01,3922.9010,4073.2611,2223.0274,10219.1895,20.2000,508.9850,83.1240,20.1310,968.9740,1154.8400,248.9630,54.2250,3171.4840,,
2015-12-01,5196.4720,4559.7772,2153.1864,11909.4356,24.8000,382.7920,73.4780,14.1780,917.6850,1423.6810,260.5140,48.6990,3243.0090,,
2016-01-01,5651.4449,4611.1167,2082.3502,12344.9118,26.1000,295.2250,63.9070,10.6330,939.6320,1737.0720,239.6690,56.3100,3462.5010,117.0512,134.7433
2016-02-01,5012.8728,4674.5753,2044.3969,11731.8451,26.1000,288.7240,61.7550,10.7480,896.5370,1607.1970,229.8860,56.9350,3282.9280,118.9003,131.9372
2016-03-01,4021.3249,4327.8494,2112.3016,10461.4759,21.2000,392.1350,71.3620,13.8570,943.1720,1479.9470,250.5480,56.9970,3343.4660,136.8062,130.5391
2016-04-01,4104.1739,4148.3540,2039.4730,10292.0009,17.3000,818.2090,109.6960,30.3700,900.6050,1253.6680,233.6970,81.2350,3558.4850,132.0696,130.8516
2016-05-01,4941.1652,4359.5059,2057.3406,11358.0116,12.6000,1511.6540,141.1460,58.6880,943.3170,1070.6360,240.4990,124.9140,4211.7860,132.1267,128.7590
2016-06-01,5634.1904,4282.4990,1896.2576,11812.9471,10.6000,1765.6790,185.2750,67.4600,757.3790,997.5840,234.0370,149.6360,4209.1810,124.9917,124.4616
2016-07-01,5614.5347,4365.7648,1949.3459,11929.6454,11.0000,1761.0230,173.6660,74.9370,877.5420,944.7080,240.9770,151.7640,4327.9260,126.7615,126.9099
2016-08-01,4663.7960,4249.0895,1942.5565,10855.4420,13.8000,1374.4480,158.4780,63.6970,873.4130,1244.5870,237.4520,116.8670,4174.2270,133.7330,124.4402
2016-09-01,4351.1818,4063.5932,1967.3061,10382.0811,14.3000,1078.5500,139.5810,68.1260,866.4060,1249.9850,229.8910,109.1880,3855.7430,135.5179,128.2167
2016-10-01,3953.4476,3985.4373,2017.1540,9956.0389,17.8000,778.4620,113.5630,42.3960,908.5940,1386.1900,233.0090,76.1220,3676.1030,133.3411,127.7585
2016-11-01,3970.3277,4142.3641,2019.8488,10132.5406,21.1000,451.6760,85.5180,23.4550,905.4930,1337.4080,224.4160,61.2760,3220.7800,134.7370,131.0236
2016-12-01,5148.8177,4687.2835,2017.7533,11853.8544,25.3000,328.6560,68.1110,14.3810,881.7750,1693.5070,232.4650,47.9770,3406.1050,124.0823,130.2630
2017-01-01,5681.8166,4849.4779,1993.5712,12524.8656,25.7000,301.7870,60.5080,10.9060,878.0450,1810.3540,213.2330,51.5360,3451.6340,115.7279,129.3133
2017-02-01,4618.2261,4551.8315,1904.8489,11074.9065,25.4000,270.0330,53.0290,12.7630,827.4930,1489.4170,196.5000,53.2920,3009.9520,109.4384,125.4806
2017-03-01,4470.7151,4514.6511,2136.8653,11122.2316,22.4000,396.2810,67.5950,17.9940,983.4400,1529.2260,221.5430,58.0230,3412.9570,135.7398,129.3024
2017-04-01,3754.3301,3986.4503,2052.9781,9793.7586,18.9000,635.5180,90.8120,29.4350,967.1390,1401.9120,210.5370,73.8000,3548.9190,127.0623,129.7444
2017-05-01,4524.0248,4136.9347,2134.2540,10795.2134,15.9000,1064.3830,127.9300,46.9150,969.6570,1527.0510,215.4180,106.8300,4162.5040,137.3263,131.5517
2017-06-01,5180.5853,4150.1838,2028.5615,11359.3307,13.7000,1474.8920,165.3920,66.8660,894.2250,1164.4210,211.4770,129.9610,4203.7280,134.5096,132.8008
2017-07-01,5460.6159,4259.7092,2076.1006,11796.4258,13.4000,1581.8490,172.2780,69.2250,914.0620,1333.3240,217.3530,147.4530,4503.2980,135.5244,135.0528
2017-08-01,4767.3550,4209.8544,2130.0413,11107.2507,15.2000,1313.9010,155.3540,70.8110,921.4290,1488.6560,218.8420,124.8490,4370.7570,143.0122,133.1994
2017-09-01,4217.8086,4047.9323,2082.8436,10348.5845,15.9000,1023.3640,125.5460,50.5560,929.1900,1371.7060,210.6040,102.3620,3915.0210,140.4754,136.0828
2017-10-01,3979.7296,4116.2180,2131.3817,10227.3293,18.2000,703.7330,100.7930,36.7660,994.9410,1273.3310,214.3200,82.9660,3541.8910,142.9125,134.2712
2017-11-01,4035.4319,4172.2931,2148.0024,10355.7275,20.6000,487.6430,81.3630,20.9910,964.7520,1213.4480,207.7070,61.4960,3160.0290,141.4719,138.0860
2017-12-01,5216.3571,4700.3192,2107.9192,12024.5955,24.7000,352.6140,70.4140,12.3400,915.9740,1675.0960,213.9200,51.3510,3440.0680,126.4041,136.5119
2018-01-01,5468.6762,4781.3891,2100.1181,12350.1833,26.1000,305.6590,60.0310,10.8220,921.3910,1718.0140,199.9230,55.9020,3418.4510,120.4988,131.7562
2018-02-01,4963.9849,4409.1637,2031.0544,11404.2029,25.2000,281.4800,54.1700,9.7820,932.4010,1567.4200,182.2080,53.5360,3204.6520,116.4703,132.2401
2018-03-01,4493.1041,4549.2045,2204.9335,11247.2421,22.4000,404.4620,70.8540,15.7480,1085.6450,1602.5680,205.9400,59.0350,3614.0980,137.8738,134.0138
2018-04-01,4084.2834,4264.4848,2144.5464,10493.3146,22.1000,500.0400,76.6740,21.9950,1064.3160,1572.1180,194.6230,67.0370,3673.8300,132.0918,133.0890
2018-05-01,4282.8547,4232.1360,2150.4708,10665.4615,16.6000,952.6820,116.5060,43.9160,990.0310,1552.1090,200.2140,104.4590,4127.6990,135.8655,130.5213
2018-06-01,5589.9289,4314.3919,2021.5916,11925.9124,11.3000,1600.4590,168.4730,62.9920,895.7340,1229.7290,194.2750,142.2050,4442.0750,123.7285,124.6440
2018-07-01,6193.3569,4395.4294,2018.7664,12607.5527,10.8000,1750.1080,181.0920,75.9900,904.2880,1330.8640,202.9050,151.5450,4684.3060,126.7806,123.0705
2018-08-01,5381.9059,4291.4417,2047.9576,11721.3051,12.4000,1482.9860,159.9900,72.9750,939.0760,1477.7920,206.4580,134.4380,4578.5490,134.2302,124.0640
2018-09-01,3928.1623,3907.9972,1956.2096,9792.3691,17.5000,833.0400,112.4340,44.9310,959.6750,1382.0910,195.9500,87.9940,3743.0520,122.7909,122.3385
2018-10-01,3944.5947,3978.8901,1980.7339,9904.2187,17.8000,657.9320,102.9280,35.4600,1017.9280,1278.0900,207.4230,89.1960,3540.2170,130.9509,120.1581
2018-11-01,4001.5810,4041.0724,1992.4960,10035.1494,21.4000,453.1660,78.8930,23.0110,942.8850,1201.3970,199.2140,52.2160,3101.4700,121.7206,117.5283
2018-12-01,4687.8994,4305.4402,1869.6730,10863.0126,22.4000,347.1880,76.2330,13.7460,980.1650,1275.2230,210.7550,47.1760,3222.6220,107.6505,117.0316
2019-01-01,5280.2574,4507.3173,1911.2457,11698.8204,25.0000,306.2570,82.9650,11.1770,971.3930,1480.4350,193.8130,63.4610,3267.8630,107.0385,118.0000
2019-02-01,4640.5708,4236.7635,1829.6210,10706.9553,24.1000,277.8590,80.3420,10.6350,970.0180,1425.9650,183.9530,59.5600,3147.1440,106.6739,121.2274
2019-03-01,3995.7430,4155.8417,1968.4733,10120.0579,21.2000,405.1780,99.2180,15.6090,1007.8680,1231.6840,206.1370,52.4380,3284.1540,118.4180,118.4591
2019-04-01,3647.8124,3971.2452,1953.0731,9572.1306,19.7000,498.6120,95.5040,21.8420,990.2840,1098.7850,198.8560,66.7810,3279.1030,120.3726,117.9649
2019-05-01,4358.2274,4051.5690,1972.2659,10382.0622,16.0000,958.2500,130.6920,45.9220,961.9410,1222.8930,208.4970,92.6200,3879.9330,126.4796,121.0138
2019-06-01,4815.8952,3985.7406,1848.2188,10649.8545,14.6000,1273.9940,149.9800,60.1510,874.0360,1274.7780,202.7280,117.8930,4172.1960,114.8519,119.2914
2019-07-01,5807.8299,4257.4078,1938.9725,12004.2102,11.7000,1575.9360,184.3550,75.3790,885.5970,1509.3520,215.2840,132.1570,4737.2180,124.5983,118.1160
2019-08-01,5201.8993,4206.6925,2056.8915,11465.4833,12.4000,1404.9670,170.0360,73.8080,895.9090,1366.4600,216.1170,121.8700,4402.6640,125.6565,118.1410
2019-09-01,4267.4763,3934.5379,2016.0735,10218.0878,15.4000,1033.7910,137.9020,56.6240,980.4460,1152.8610,207.4680,97.5030,3855.9920,116.6677,113.9691
2019-10-01,4222.2960,4012.4328,2145.9581,10380.6869,17.5000,730.9610,110.4510,38.2580,1085.7940,1146.6050,216.0620,76.8660,3709.3810,128.5778,118.2319
2019-11-01,4378.7638,4144.9309,2036.2714,10559.9662,22.7000,391.1040,105.8570,20.0990,1086.0680,1078.9850,210.6320,50.5950,3213.3790,116.4504,114.9342
2019-12-01,4911.8992,4406.8411,1869.0024,11187.7427,23.7000,337.3160,110.7740,13.3700,1100.5070,1298.6390,220.0620,48.8170,3472.2670,109.1972,115.8084
2020-01-01,5593.4474,4494.5976,1905.8220,11993.8671,25.1000,294.6980,73.1490,10.9510,1131.1040,1444.3360,207.3540,52.6580,3592.0490,106.9668,117.3848
2020-02-01,4751.3847,4218.6454,1873.4443,10843.4744,25.5000,290.8110,73.0600,10.9060,1138.6590,1274.4920,199.0270,53.2150,3401.1030,105.9662,118.0981
2020-03-01,5034.6419,4318.4520,1791.1383,11144.2322,24.4000,332.4590,73.7170,12.5730,1121.8330,1425.0050,143.6300,52.4100,3595.2240,98.8508,95.7005
2020-04-01,3863.6308,3269.8081,1403.7615,8537.2004,18.0000,567.8480,74.7810,13.7120,803.4560,1039.0500,80.8810,57.4680,3023.8700,80.3696,78.5326
2020-05-01,4687.3324,3424.4438,1505.5520,9617.3282,15.7000,1032.3060,85.9210,29.3350,807.4670,1188.2620,115.3780,77.3330,3561.5400,93.3973,94.5027
2020-06-01,5591.2620,3635.8741,1554.5788,10781.7149,13.0000,1441.1750,115.0320,42.4360,767.2210,1212.8420,137.3250,109.4320,3973.8380,107.6855,106.2207
2020-07-01,6521.3156,4001.4081,1661.1290,12183.8526,10.9000,1770.0690,143.9270,54.5190,848.9490,831.8950,149.4080,135.5260,4085.3890,116.4397,109.5388
2020-08-01,5267.3418,3741.7602,1719.2772,10728.3792,13.1000,1400.8770,120.5040,47.4260,835.6860,1098.1520,150.7570,106.3740,3915.9050,116.6287,112.2974
2020-09-01,4693.4620,3638.9630,1712.5978,10045.0229,14.6000,1050.4910,103.6330,38.9430,815.6130,1055.0360,149.8810,83.0190,3470.1000,120.9827,114.5981
2020-10-01,4428.4815,3758.7406,1826.6219,10013.8440,17.2000,722.9320,84.7210,26.8010,868.3480,1209.1310,164.3250,56.7690,3336.8770,124.9332,117.2688
2020-11-01,4330.6239,3851.3691,1905.8515,10087.8444,21.9000,393.1780,68.3640,15.2060,888.4920,1295.2070,171.9150,32.5880,3046.8620,121.6375,121.4171
2020-12-01,5258.4089,4193.8585,1877.9102,11330.1776,23.5000,347.1130,65.1810,11.7110,938.8320,1366.5320,197.6970,33.5470,3119.9730,115.3046,119.8402
2021-01-01,5661.2169,4331.9489,1948.4152,11941.5810,25.5000,319.6510,65.6440,10.5880,833.9450,1554.2870,186.9500,33.2390,3171.0900,111.7727,128.6255
2021-02-01,4363.8363,3880.3408,1846.2122,10090.3893,23.6000,296.2600,62.5130,9.5930,757.8080,1304.9540,179.3300,32.8460,2862.7070,107.7538,124.3668
2021-03-01,4718.1546,4239.2218,2097.8381,11055.2145,22.2000,385.4670,74.7950,13.6120,950.7920,1415.8760,202.3760,39.7540,3247.9600,131.6472,125.6506
2021-04-01,3891.4590,3909.0544,2017.2245,9817.7379,20.7000,479.4470,78.5280,18.9110,967.3500,1243.0570,182.9420,46.9830,3160.2490,125.5209,122.7922
2021-05-01,5010.9240,3995.0550,1980.1350,10986.1141,14.3000,1168.1670,114.7650,46.9450,861.8940,1180.8740,170.1900,91.0450,3749.2050,121.6841,122.7057
2021-06-01,6070.2701,4011.8050,1971.7291,12053.8042,11.9000,1506.8530,148.0000,64.8940,852.7170,1264.2900,177.4960,122.5930,4249.2460,128.5984,126.6529
2021-07-01,6268.4174,4148.2755,2002.2674,12418.9604,12.2000,1639.0310,142.6010,65.8540,830.5590,1453.7000,202.1340,130.8060,4599.9040,131.0503,126.4660
2021-08-01,5534.8519,4087.3539,2038.0819,11660.2878,13.2000,1428.4370,138.0610,66.5910,844.1810,1631.4820,205.8000,112.7820,4557.1080,132.9988,125.2067
2021-09-01,4460.0192,3894.8435,2019.9314,10374.7941,16.0000,989.5960,102.1420,47.4690,842.0530,1221.4480,204.5270,78.9710,3635.3280,132.8041,126.6127
2021-10-01,4481.1502,4023.8100,1946.3639,10451.3242,18.8000,699.1610,92.0240,33.4890,890.3770,1167.6960,212.3070,58.2840,3465.8300,130.0316,126.2613
2021-11-01,4450.3312,4120.0054,1999.0971,10569.4337,21.6000,454.3610,74.3710,18.7690,945.0620,1251.6640,207.4200,40.0800,3327.3250,133.5956,129.6832
2021-12-01,5875.2310,4637.2795,1945.3349,12457.8455,25.0000,352.2520,65.5720,11.9900,923.4770,1459.3460,213.8850,31.7090,3394.8110,127.3226,131.4441
2022-01-01,6464.4841,4801.0099,1802.1110,13067.6049,26.2000,313.2340,64.1770,10.9650,904.7470,1517.1790,184.7090,32.4200,3371.5250,110.4522,126.8100
2022-02-01,4612.5674,4185.9056,1769.2839,10567.7569,23.2000,321.9990,61.3450,11.3300,807.4570,1170.7430,183.5700,35.8440,2902.2720,116.8655,133.0459
2022-03-01,4481.1187,4393.4011,2007.0592,10881.5790,20.8000,475.3580,76.1860,16.8480,911.5490,1155.2210,203.0780,46.5800,3240.6710,136.0642,130.4806
2022-04-01,3999.0974,4100.3505,2047.9161,10147.3641,18.0000,714.1590,88.9370,30.3010,850.2610,996.7200,200.6330,63.5810,3268.9230,131.1106,131.2025
2022-05-01,5346.3509,4327.0685,2054.5756,11727.9950,13.8000,1271.6980,125.4100,55.5940,898.5870,1012.4440,203.4200,102.1970,3892.1060,135.9562,133.9651
2022-06-01,6686.6299,4432.2746,1955.5659,13074.4704,10.8000,1703.1840,156.8500,75.8640,889.9070,862.1870,201.2830,136.7740,4203.4220,137.7417,136.0583
2022-07-01,6277.7612,4421.6961,1940.1621,12639.6194,12.6000,1671.1420,160.3130,73.7040,874.1010,1328.8490,205.8480,140.7630,4650.4000,137.8324,136.8063
2022-08-01,5480.9266,4344.9188,1956.5742,11782.4196,13.7000,1453.9290,150.9220,71.0270,877.8020,989.1730,205.2240,120.1990,4147.0890,142.6954,132.2341
2022-09-01,4294.9693,4060.3191,1958.7119,10314.0002,15.8000,1004.4120,130.6280,55.0430,889.7260,960.1380,197.8390,88.0070,3662.2720,137.8985,130.6294
2022-10-01,4191.8003,4056.2869,1973.2115,10221.2986,18.1000,718.9680,107.8060,37.8600,971.5220,1016.4150,202.0240,62.9440,3511.2470,133.9218,130.0307
2022-11-01,4999.8884,4287.9042,2035.9206,11323.7132,23.0000,398.5750,85.7290,21.3290,932.7820,1096.9010,192.2800,37.8900,3179.2730,134.1481,129.6006
2022-12-01,6321.3885,4713.0110,1993.0126,13027.4121,25.0000,326.3300,75.5260,14.4150,947.6550,1300.6930,196.5270,31.1090,3312.4070,123.3555,130.2923
2023-01-01,6817.4091,4831.8208,1944.2527,13593.4826,26.9000,277.0420,69.0570,10.8150,935.6830,1346.1980,185.2320,32.6790,3272.7050,117.3596,130.6272
2023-02-01,5684.5629,4409.5458,1812.1672,11906.2759,25.6000,279.5840,67.2300,10.8530,894.8890,1122.2680,173.0320,36.2230,2961.8410,114.9796,130.3133
2023-03-01,6927.3764,5016.5698,2052.9585,13996.9046,27.1000,361.1260,79.0500,16.0270,966.9890,1292.6010,195.3510,43.5640,3355.4910,140.6028,134.6552
2023-04-01,3985.9543,4131.2101,1929.0481,10046.2125,19.1000,599.0470,102.4030,29.3990,927.7340,945.7010,186.8970,57.9010,3248.5320,133.3535,137.2133
2023-05-01,4656.3832,4164.0954,1994.9912,10815.4697,16.4000,921.2740,131.9980,48.2110,932.0130,1205.5010,187.7340,85.1590,3837.0040,137.3370,132.6309
2023-06-01,5835.7744,4197.2676,2038.7392,12071.7812,13.2000,1401.8020,161.1390,68.8990,934.1110,1422.9910,185.0650,121.8380,4539.9650,134.2732,131.7593
2023-07-01,6277.1615,4321.3388,1878.7256,12477.2259,13.0000,1621.0970,180.2520,77.6500,936.0340,1297.2610,193.2920,138.0650,4654.4550,132.3716,131.1103
2023-08-01,5501.9218,4286.1313,1967.9475,11756.0005,14.2000,1445.8180,171.9110,74.1250,929.8410,1304.9530,190.2360,120.4780,4469.9130,138.3630,127.8819
2023-09-01,4894.3246,4095.4191,1972.5007,10962.2445,15.0000,1191.8040,151.2790,62.6260,958.5470,1164.5140,184.5830,99.5670,4014.8860,133.6199,128.9463
2023-10-01,4396.2466,4095.4633,1962.4159,10454.1258,18.2000,735.4770,114.8400,39.1300,955.4040,1004.1970,191.5160,64.7540,3456.8510,133.0092,126.3056
2023-11-01,4843.9676,4237.8227,1959.0208,11040.8111,21.2000,551.4150,104.3790,26.2300,986.1780,1170.2320,183.3360,48.9770,3364.6950,127.5782,123.4545
2023-12-01,5475.1493,4416.0894,1871.7654,11763.0040,22.9000,383.2300,83.6350,15.2380,990.9020,1220.3280,187.9010,35.8200,3163.9240,107.4038,117.4629
2024-01-01,6486.2249,4701.1217,1902.8603,13090.2070,25.8000,295.8940,73.3520,11.1570,936.5180,1403.2320,174.2160,33.4670,3263.4930,102.9832,113.2214
2024-02-01,6343.1357,4619.1420,1888.8465,12851.1241,26.3000,282.7010,75.0510,11.7690,909.2690,1376.6710,166.8290,33.6780,3224.0730,103.7510,113.7554
2024-03-01,5484.6097,4534.5219,1937.4952,11956.6268,23.3000,396.8430,85.8340,16.0070,959.4320,1351.0170,177.1940,47.4110,3449.4070,110.4657,110.6911
2024-04-01,4253.0207,3934.5454,1817.3551,10004.9212,18.7000,684.2320,103.3210,29.9340,974.1820,1039.1210,170.0930,65.3840,3435.5320,111.2965,109.7475
2024-05-01,6041.5151,4202.5010,1969.3224,12213.3385,12.7000,1404.0510,142.8830,60.5320,881.3540,820.2790,174.9160,124.5920,3916.6150,116.7198,111.5525
2024-06-01,5345.5174,3986.3524,1894.3540,11226.2238,14.6000,1379.5790,139.5490,61.7260,830.8800,1008.7490,168.0740,117.1280,4020.8390,107.0990,111.0662
2024-07-01,6891.4026,4322.6315,2012.2702,13226.3043,10.6000,1818.7730,177.0720,77.5490,897.8640,868.8510,176.8390,151.0100,4378.9650,125.0797,118.6936
2024-08-01,5900.9831,4241.5134,2029.1102,12171.6066,12.7000,1625.2630,160.2270,81.4750,863.6190,952.2300,177.9920,130.2070,4184.0600,128.7331,120.5908
2024-09-01,4320.5866,3943.7681,1972.8382,10237.1928,17.1000,944.6080,116.3450,48.2230,932.6450,1052.7390,169.4180,79.1230,3615.4660,125.2367,122.0106
2024-10-01,4548.7184,4151.2634,1978.9394,10678.9211,20.5000,575.3080,88.5530,27.6300,1036.8530,1201.6130,178.7450,50.7950,3482.0300,130.3107,121.4069
2024-11-01,4796.4448,4254.0442,2013.5170,11064.0060,22.4000,420.6120,75.3060,16.9260,955.0070,1222.9110,171.1250,36.7960,3172.8960,125.3954,123.2502
2024-12-01,5178.5791,4441.3561,1878.9933,11498.9285,22.6000,375.9240,71.2610,14.2980,1005.3380,1161.3220,175.8060,34.6360,3148.4080,116.7263,123.4906
2025-01-01,6855.3365,4830.3691,1919.8069,13605.5126,26.3000,291.6360,59.3050,9.5470,984.6900,1537.8620,161.2300,32.2070,3456.4580,110.6983,120.7258
2025-02-01,6269.1216,4692.3270,1946.6104,12908.0589,26.1000,283.4880,54.6620,10.0960,922.0730,1501.0000,150.9410,34.6230,3323.3040,109.9880,123.7587
2025-03-01,5266.2231,4403.5021,1983.4446,11653.1698,23.4000,411.3400,67.2810,15.0580,927.8620,1291.4360,164.6340,41.2550,3252.0600,116.2630,116.5332
2025-04-01,3991.3226,3917.5651,1913.9372,9822.8249,18.4000,677.1860,87.3030,28.5520,920.6880,978.1860,161.9430,66.1720,3177.3660,121.5058,119.4702
2025-05-01,4887.2946,4071.1226,1986.1439,10944.5611,16.7000,1021.8520,123.1730,45.8350,844.6280,993.2070,165.9240,90.2410,3634.1940,124.0348,121.2224
2025-06-01,6598.7542,4157.1645,1929.2251,12685.1437,11.2000,1653.2130,173.8330,74.3230,841.5950,954.5900,159.8720,139.8110,4336.0210,117.4812,119.1576
2025-07-01,6564.0706,4293.9691,2043.5789,12901.6186,12.3000,1722.2030,187.6370,79.9810,797.4280,977.0280,161.6700,146.0280,4404.8280,124.2230,118.3251
2025-08-01,5598.1298,4122.1058,1998.5208,11718.7563,13.9000,1492.3150,151.8650,70.1190,831.4180,1059.0360,165.2080,123.2840,4256.5230,123.3213,118.7027
2025-09-01,4674.1022,3922.5821,2034.8563,10631.5405,15.6000,1057.8260,112.7640,49.9810,810.1560,795.8210,161.4170,88.2880,3332.8990,124.8998,118.1757
2025-10-01,4469.0488,4046.7198,2075.5670,10591.3355,19.5000,644.5320,81.4410,28.1750,802.5030,842.6560,168.1050,56.2530,2999.9110,126.7108,117.3014
2025-11-01,4656.5110,4027.2278,2027.5954,10711.3342,20.6000,460.7970,67.4880,19.8910,766.2880,978.0000,160.8760,39.8890,2881.8420,114.4122,116.0924
2025-12-01,6562.0971,4537.2967,1977.6534,13077.0472,25.9000,346.7190,60.7950,11.9570,816.6120,1433.0980,168.4870,31.1910,3213.5930,112.0165,116.1693
2026-01-01,6497.1414,4635.4055,2012.8276,13145.3745,25.1000,297.3850,55.5510,9.2910,848.7380,1505.6840,156.8280,31.1630,3292.4990,106.5098,118.7922
2026-02-01,5561.4975,4284.9033,1934.2155,11780.6163,25.3000,283.6640,52.1160,9.9470,778.6800,1384.8220,146.8140,33.4790,3111.4870,100.2969,114.9119
2026-03-01,5323.1514,4382.3361,2239.5478,11945.0353,23.3000,408.0590,70.4530,16.3800,858.6660,1411.3890,164.5090,34.5400,3438.6600,122.1488,119.4198
2026-04-01,4463.5626,3969.7230,2146.0572,10579.3428,19.7000,639.3290,84.5290,25.7810,860.2550,1112.1710,163.7840,58.3990,3366.0400,118.6097,117.2282
2026-05-01,5825.6051,4075.7803,2250.1458,12151.5312,13.5000,1367.5270,142.0020,59.7200,754.4060,1000.7620,166.8560,96.2280,3965.3490,116.9795,117.4229
2026-06-01,6339.7905,4114.3090,2187.0717,12641.1711,12.0000,1536.2390,154.5600,75.8790,782.1800,1079.1500,163.3880,131.9050,4241.5500,119.9521,118.2020
2026-07-01,6643.1944,4211.1548,2208.8654,13063.2146,12.5000,,,,,,,,,118.1647,112.3062
2026-08-01,6093.0651,4100.5047,2238.4579,12432.0277,12.3000,,,,,,,,,,
