tipo_agente,tarifa,categoria_tarifa,desde,hasta,gwh,sector
DI,TARIFA USUARIO NO RESIDENCIAL <300KWH,Comercial,2016-02-01,2023-01-01,262647.1170,comercio
DI,TARIFA USUARIO NO RES.>10 KW Y < DE 300 KW,Comercial,2023-02-01,2026-01-01,59326.6848,comercio
DI,SANCIONADO DEM.MAYOR O IGUAL 10 Y MENOR300 KW,Industrial/Comercial Grande,2012-01-01,2014-12-01,56607.6796,comercio
DI,MENOR 10KW NO RES. MENOR 4000 KWH BIM,Comercial,2012-01-01,2016-01-01,35592.3648,comercio
DI,TARIFA USU.NO RES. HASTA 10KW Y <=800KWH/MES,Comercial,2023-02-01,2026-01-01,25990.0103,comercio
DI,NO RESIDENCIAL GRAL,Comercial,2026-02-01,2026-08-01,21746.4655,comercio
DI,SANCIONADO DEM.MAYOR O IGUAL 10 Y MENOR300 KW,Comercial,2015-01-01,2016-01-01,21359.0839,comercio
DI,Alumbrado Publico,Comercial,2015-01-01,2026-01-01,17563.3300,comercio
DI,TARIFA USU.NO RES. HASTA 10 KW Y > 800KWH/MES,Comercial,2023-02-01,2026-01-01,17045.9225,comercio
DI,MENOR 10KW NO RES. MAYOR O IGUAL 4000 KWH/BIM,Comercial,2012-01-01,2016-01-01,15812.2034,comercio
DI,Alumbrado Publico,Residencial,2012-01-01,2014-12-01,13251.8300,comercio
DI,CLUBES DE BARRIO Y ENTIDADES DE BIEN PUBLICO,Comercial,2023-01-01,2026-08-01,805.3304,comercio
DI,CLUBES DE BARRIO Y DEL PUEBLO,Comercial,2022-11-01,2022-12-01,26.4680,comercio
DM,TARIFA USUARIO NO RESIDENCIAL <300KWH,Comercial,2019-01-01,2023-01-01,19.1322,comercio
DM,TARIFA USUARIO NO RES.>10 KW Y < DE 300 KW,Comercial,2023-02-01,2026-01-01,9.2447,comercio
DM,NO RESIDENCIAL GRAL,Comercial,2026-02-01,2026-08-01,3.4723,comercio
DM,TARIFA USU.NO RES. HASTA 10KW Y <=800KWH/MES,Comercial,2023-02-01,2026-01-01,3.2970,comercio
DM,Alumbrado Publico,Comercial,2023-05-01,2026-01-01,2.1092,comercio
DM,TARIFA USU.NO RES. HASTA 10 KW Y > 800KWH/MES,Comercial,2023-02-01,2026-01-01,0.8789,comercio
DM,CLUBES DE BARRIO Y ENTIDADES DE BIEN PUBLICO,Comercial,2024-08-01,2026-08-01,0.1573,comercio
DI,RESIDENCIAL,Residencial,2016-02-01,2022-08-01,301933.4730,hogares
DI,RES. MENOR O IGUAL 1000 KWH BIM,Residencial,2012-01-01,2016-01-01,160768.8549,hogares
DI,RESIDENCIAL NIVEL 2,Residencial,2022-09-01,2024-05-01,69304.3717,hogares
DI,RESIDENCIAL NIVEL 1,Residencial,2022-09-01,2026-01-01,55000.5235,hogares
DI,RESIDENCIAL NIVEL 2 BASE,Residencial,2024-06-01,2026-01-01,50431.2497,hogares
DI,RESIDENCIAL NIVEL 3 BASE,Residencial,2022-09-01,2026-01-01,27483.9698,hogares
DI,RESIDENCIAL PLAN ESTIMULO AHORRO >20%,Residencial,2016-02-01,2019-01-01,22860.2643,hogares
DI,TARIFA SOCIAL CONSUMO BASE,Residencial,2016-02-01,2019-01-01,22801.5227,hogares
DI,RES. MAYOR 1000 Y MENOR O IGUAL 1400 KWH BIM,Residencial,2012-01-01,2016-01-01,22687.4544,hogares
DI,RESIDENCIAL BASE DE DEM.CON SUBSIDIO,Residencial,2026-01-01,2026-08-01,21926.0216,hogares
DI,RES. MAYOR 1400 Y MENOR O IGUAL 2800 KWH BIM,Residencial,2012-01-01,2016-01-01,21278.8134,hogares
DI,RESIDENCIAL GENERAL DEM.SIN SUBSIDIO,Residencial,2026-01-01,2026-08-01,14586.8330,hogares
DI,TARIFA SOCIAL EXCEDENTE CON AHORRO,Residencial,2016-02-01,2017-11-01,9465.7342,hogares
DI,RESIDENCIAL NIVEL 2 EXCEDENTE,Residencial,2024-06-01,2026-01-01,9098.4085,hogares
DI,RESIDENCIAL NIVEL 3 EXCEDENTE,Residencial,2022-09-01,2026-01-01,8620.4880,hogares
DI,RESIDENCIAL PLAN ESTIMULO AHORRO >=10 Y <=20%,Residencial,2016-02-01,2017-11-01,7679.0713,hogares
DI,RESIDENCIAL EXCEDENTE DE DEM.CON SUBSIDIO,Residencial,2026-01-01,2026-08-01,6742.2137,hogares
DI,RES. MAYOR 2800 KWH BIM,Residencial,2012-01-01,2016-01-01,5925.1126,hogares
DI,TARIFA SOCIAL EXCEDENTE SUPERIOR A 150KWH,Residencial,2017-12-01,2019-01-01,4384.5331,hogares
DI,TARIFA SOCIAL EXCEDENTE SIN AHORRO,Residencial,2016-02-01,2017-01-01,3894.7538,hogares
DI,TARIFA SOCIAL EXCEDENTE HASTA 150KWH,Residencial,2017-12-01,2019-01-01,3280.1530,hogares
DI,TARIFA SOCIAL SIN AHORRO EXCEDENTE <= 450 KWH,Residencial,2017-02-01,2017-11-01,3134.4891,hogares
DI,TARIFA SOCIAL EXC. SUPERIOR 150KWH C/P.ESTIM,Residencial,2017-12-01,2019-01-01,1704.0001,hogares
DI,TARIFA SOCIAL EXCEDENTE HASTA 150KWH C/P.ESTI,Residencial,2017-12-01,2019-01-01,1574.9463,hogares
DI,TARIFA SOCIAL SIN AHORRO EXCEDENTE > 450 MWH,Residencial,2017-02-01,2017-11-01,765.3106,hogares
DI,TARIFA BASE ELECTRODEPEND Y BOMBEROS VOLUNTAR,Residencial,2023-01-01,2026-08-01,524.9795,hogares
DI,TARIFA BASE ELECTRODEPENDIENTES,Residencial,2017-02-01,2022-12-01,408.2668,hogares
DM,RESIDENCIAL,Residencial,2019-01-01,2022-08-01,8.8778,hogares
DM,RESIDENCIAL NIVEL 1,Residencial,2022-10-01,2026-01-01,3.1657,hogares
DM,RESIDENCIAL NIVEL 2,Residencial,2022-09-01,2024-05-01,2.6110,hogares
DI,TARIFA ELECTROD. EXCEDENTE S/AHORRO <= 450MWH,Residencial,2017-02-01,2017-11-01,2.0652,hogares
DM,RESIDENCIAL NIVEL 2 BASE,Residencial,2024-06-01,2026-01-01,1.7201,hogares
DI,TARIFA ELECTRODEPENDIENTE EXCEDENTE CON AHORR,Residencial,2017-02-01,2017-11-01,1.1732,hogares
DM,RESIDENCIAL NIVEL 3 BASE,Residencial,2022-10-01,2026-01-01,1.1656,hogares
DM,RESIDENCIAL GENERAL DEM.SIN SUBSIDIO,Residencial,2026-01-01,2026-08-01,0.8999,hogares
DI,TARIFA ELECTROD. EXCEDENTE S/AHORRO > 450MWH,Residencial,2017-02-01,2017-11-01,0.8096,hogares
DM,RESIDENCIAL BASE DE DEM.CON SUBSIDIO,Residencial,2026-01-01,2026-08-01,0.6894,hogares
DM,RESIDENCIAL NIVEL 3 EXCEDENTE,Residencial,2022-10-01,2026-01-01,0.3312,hogares
DM,RESIDENCIAL NIVEL 2 EXCEDENTE,Residencial,2024-06-01,2026-01-01,0.3217,hogares
DM,RESIDENCIAL EXCEDENTE DE DEM.CON SUBSIDIO,Residencial,2026-01-01,2026-08-01,0.2616,hogares
DM,TARIFA SOCIAL CONSUMO BASE,Residencial,2019-01-01,2019-01-01,0.0560,hogares
DM,RESIDENCIAL PLAN ESTIMULO AHORRO >20%,Residencial,2019-01-01,2019-01-01,0.0429,hogares
DM,TARIFA SOCIAL EXCEDENTE HASTA 150KWH C/P.ESTI,Residencial,2019-01-01,2019-01-01,0.0187,hogares
DM,TARIFA BASE ELECTRODEPEND Y BOMBEROS VOLUNTAR,Residencial,2024-08-01,2026-08-01,0.0171,hogares
DM,TARIFA SOCIAL EXCEDENTE HASTA 150KWH,Residencial,2019-01-01,2019-01-01,0.0106,hogares
DM,TARIFA SOCIAL EXC. SUPERIOR 150KWH C/P.ESTIM,Residencial,2019-01-01,2019-01-01,0.0057,hogares
DM,TARIFA SOCIAL EXCEDENTE SUPERIOR A 150KWH,Residencial,2019-01-01,2019-01-01,0.0034,hogares
GU,GUMAS/AUTOGENERADORES,Industrial/Comercial Grande,2012-01-01,2026-08-01,251105.1243,industria
DI,TARIFA USUARIO NO RESIDENCIAL >=300KWH,Industrial/Comercial Grande,2016-02-01,2026-01-01,126798.2255,industria
DI,GUMES/GUPAS,Industrial/Comercial Grande,2012-01-01,2026-08-01,73956.6650,industria
DI,GRANDES USUARIOS C DEM MAYOR O IGUAL 300KW,Industrial/Comercial Grande,2012-01-01,2016-01-01,52663.4700,industria
AR,GUMAS/AUTOGENERADORES,Industrial/Comercial Grande,2019-11-01,2026-08-01,21047.4218,industria
AG,GUMAS/AUTOGENERADORES,Industrial/Comercial Grande,2012-01-01,2026-08-01,10590.0315,industria
DI,GRANDES USUARIOS GUDI,Industrial/Comercial Grande,2026-02-01,2026-08-01,5959.7574,industria
DI,TARIFA USUARIO NO RESIDENCIAL >=300KWH S Y E,Industrial/Comercial Grande,2021-02-01,2026-01-01,2343.8417,industria
DI,MERCADO TERMINO DISTRIB,Industrial/Comercial Grande,2023-01-01,2026-08-01,1793.4415,industria
DI,MERCADO TERMINO DISTRIB,Mercado a Término,2012-01-01,2022-12-01,181.7684,industria
DM,MERCADO TERMINO DISTRIB,Mercado a Término,2022-06-01,2022-06-01,-0.0000,industria
DM,MERCADO TERMINO DISTRIB,Industrial/Comercial Grande,2023-01-01,2026-01-01,-0.0000,industria
